"","p_bic","q_bic","BIC","ID_bic","p_aic","q_aic","AIC","ID_aic"
"1","2","0","1440.89","(2,0)","2","1","1424.36","(2,1)"
"2","1","2","1439.72","(1,2)","1","2","1422.87","(1,2)"
"3","2","2","1430.88","(2,2)","2","2","1409.81","(2,2)"
"4","2","0","1442.57","(2,0)","2","2","1424.26","(2,2)"
"5","1","2","1416.22","(1,2)","1","2","1399.37","(1,2)"
"6","2","2","1460.11","(2,2)","2","2","1439.05","(2,2)"
"7","1","2","1408.66","(1,2)","1","2","1391.81","(1,2)"
"8","2","0","1500.92","(2,0)","2","1","1487.39","(2,1)"
"9","2","2","1471.91","(2,2)","2","2","1450.85","(2,2)"
"10","2","2","1409.63","(2,2)","2","2","1388.57","(2,2)"
"11","2","2","1421.58","(2,2)","2","2","1400.51","(2,2)"
"12","2","0","1461.7","(2,0)","2","0","1449.06","(2,0)"
"13","2","2","1431.76","(2,2)","2","2","1410.7","(2,2)"
"14","1","2","1419.34","(1,2)","1","2","1402.49","(1,2)"
"15","2","2","1430.74","(2,2)","2","2","1409.68","(2,2)"
"16","2","2","1416.15","(2,2)","2","2","1395.09","(2,2)"
"17","2","2","1439.26","(2,2)","2","2","1418.19","(2,2)"
"18","2","1","1484.61","(2,1)","2","1","1467.76","(2,1)"
"19","2","2","1429.81","(2,2)","2","2","1408.75","(2,2)"
"20","2","0","1403.39","(2,0)","2","2","1382.78","(2,2)"
"21","2","0","1440.37","(2,0)","2","1","1425.44","(2,1)"
"22","1","2","1426.03","(1,2)","1","2","1409.18","(1,2)"
"23","2","2","1482.12","(2,2)","2","2","1461.06","(2,2)"
"24","2","2","1389.09","(2,2)","2","2","1368.03","(2,2)"
"25","2","2","1420.65","(2,2)","2","2","1399.59","(2,2)"
"26","2","0","1470.86","(2,0)","2","1","1457.9","(2,1)"
"27","1","2","1419.61","(1,2)","1","2","1402.76","(1,2)"
"28","2","0","1431.93","(2,0)","2","0","1419.29","(2,0)"
"29","2","0","1462.94","(2,0)","2","2","1446.29","(2,2)"
"30","1","2","1450.37","(1,2)","1","2","1433.52","(1,2)"
"31","2","2","1452.74","(2,2)","2","2","1431.68","(2,2)"
"32","2","0","1458.74","(2,0)","2","2","1443.98","(2,2)"
"33","2","2","1496.87","(2,2)","2","2","1475.81","(2,2)"
"34","2","2","1445.58","(2,2)","2","2","1424.52","(2,2)"
"35","1","2","1417.45","(1,2)","1","2","1400.6","(1,2)"
"36","2","2","1432.17","(2,2)","2","2","1411.11","(2,2)"
"37","2","2","1379.45","(2,2)","2","2","1358.39","(2,2)"
"38","2","1","1434.51","(2,1)","2","1","1417.66","(2,1)"
"39","1","2","1457.8","(1,2)","1","2","1440.95","(1,2)"
"40","2","2","1453.61","(2,2)","2","2","1432.55","(2,2)"
"41","2","2","1392.82","(2,2)","2","2","1371.76","(2,2)"
"42","2","2","1443.39","(2,2)","2","2","1422.33","(2,2)"
"43","2","1","1460.27","(2,1)","2","1","1443.42","(2,1)"
"44","2","1","1448.18","(2,1)","2","1","1431.33","(2,1)"
"45","1","2","1406.67","(1,2)","2","2","1388.59","(2,2)"
"46","1","2","1432.09","(1,2)","1","2","1415.24","(1,2)"
"47","2","2","1486.78","(2,2)","2","2","1465.72","(2,2)"
"48","2","1","1466.32","(2,1)","2","1","1449.47","(2,1)"
"49","2","2","1457.57","(2,2)","2","2","1436.51","(2,2)"
"50","2","2","1423.15","(2,2)","2","2","1402.09","(2,2)"
"51","2","2","1414.91","(2,2)","2","2","1393.85","(2,2)"
"52","2","2","1462.16","(2,2)","2","2","1441.1","(2,2)"
"53","2","0","1413.37","(2,0)","2","0","1400.73","(2,0)"
"54","2","0","1425.62","(2,0)","2","2","1407.69","(2,2)"
"55","2","0","1469.6","(2,0)","2","1","1456.66","(2,1)"
"56","2","0","1489.47","(2,0)","2","0","1476.83","(2,0)"
"57","2","0","1451.09","(2,0)","2","0","1438.45","(2,0)"
"58","2","2","1393.66","(2,2)","2","2","1372.6","(2,2)"
"59","2","2","1441.55","(2,2)","2","2","1420.48","(2,2)"
"60","2","2","1474.66","(2,2)","2","2","1453.6","(2,2)"
"61","2","2","1421.6","(2,2)","2","2","1400.53","(2,2)"
"62","2","2","1410.71","(2,2)","2","2","1389.65","(2,2)"
"63","2","0","1428.46","(2,0)","2","2","1408.04","(2,2)"
"64","2","2","1422.08","(2,2)","2","2","1401.02","(2,2)"
"65","2","0","1491.03","(2,0)","2","2","1473.76","(2,2)"
"66","2","0","1442.96","(2,0)","2","2","1426.58","(2,2)"
"67","2","2","1434.2","(2,2)","2","2","1413.13","(2,2)"
"68","2","0","1450.37","(2,0)","2","0","1437.73","(2,0)"
"69","2","2","1458.53","(2,2)","2","2","1437.47","(2,2)"
"70","1","2","1493.71","(1,2)","2","2","1474.08","(2,2)"
"71","2","1","1454.5","(2,1)","2","1","1437.64","(2,1)"
"72","1","2","1462.09","(1,2)","1","2","1445.24","(1,2)"
"73","2","0","1437.67","(2,0)","2","2","1417.74","(2,2)"
"74","2","1","1498.52","(2,1)","2","1","1481.67","(2,1)"
"75","2","2","1492.67","(2,2)","2","2","1471.61","(2,2)"
"76","2","0","1469.69","(2,0)","2","1","1453.65","(2,1)"
"77","2","2","1466.86","(2,2)","2","2","1445.8","(2,2)"
"78","2","1","1413.17","(2,1)","2","1","1396.32","(2,1)"
"79","2","0","1453.19","(2,0)","2","1","1440.43","(2,1)"
"80","2","0","1463.77","(2,0)","2","1","1449.55","(2,1)"
"81","1","2","1403.48","(1,2)","1","2","1386.63","(1,2)"
"82","2","1","1463.44","(2,1)","2","2","1443.87","(2,2)"
"83","2","2","1478.96","(2,2)","2","2","1457.9","(2,2)"
"84","2","2","1439.62","(2,2)","2","2","1418.55","(2,2)"
"85","1","2","1375.99","(1,2)","1","2","1359.14","(1,2)"
"86","2","2","1459.76","(2,2)","2","2","1438.7","(2,2)"
"87","2","2","1456.42","(2,2)","2","2","1435.36","(2,2)"
"88","1","2","1388.55","(1,2)","1","2","1371.7","(1,2)"
"89","2","0","1423.4","(2,0)","2","0","1410.76","(2,0)"
"90","1","2","1432.21","(1,2)","1","2","1415.36","(1,2)"
"91","1","2","1416.38","(1,2)","2","2","1397.97","(2,2)"
"92","2","2","1457.9","(2,2)","2","2","1436.83","(2,2)"
"93","1","2","1493.93","(1,2)","1","2","1477.08","(1,2)"
"94","2","0","1439.12","(2,0)","2","1","1424.76","(2,1)"
"95","1","2","1443.42","(1,2)","1","2","1426.57","(1,2)"
"96","2","0","1489.27","(2,0)","2","1","1473.03","(2,1)"
"97","2","0","1432.74","(2,0)","2","0","1420.11","(2,0)"
"98","2","2","1469.18","(2,2)","2","2","1448.11","(2,2)"
"99","2","1","1443.32","(2,1)","2","1","1426.47","(2,1)"
"100","2","0","1409.59","(2,0)","2","1","1396.94","(2,1)"
"101","2","0","1484.25","(2,0)","2","1","1468.87","(2,1)"
"102","1","2","1464.63","(1,2)","2","2","1447.6","(2,2)"
"103","1","2","1442.77","(1,2)","1","2","1425.92","(1,2)"
"104","2","2","1449.07","(2,2)","2","2","1428.01","(2,2)"
"105","2","2","1427.45","(2,2)","2","2","1406.38","(2,2)"
"106","2","0","1434.58","(2,0)","2","0","1421.95","(2,0)"
"107","2","0","1431.77","(2,0)","2","1","1417.65","(2,1)"
"108","2","0","1435.4","(2,0)","2","0","1422.76","(2,0)"
"109","2","2","1435.7","(2,2)","2","2","1414.64","(2,2)"
"110","2","2","1385.26","(2,2)","2","2","1364.2","(2,2)"
"111","2","2","1440.88","(2,2)","2","2","1419.82","(2,2)"
"112","2","0","1430.06","(2,0)","2","1","1413.79","(2,1)"
"113","2","2","1438.81","(2,2)","2","2","1417.75","(2,2)"
"114","2","2","1451.87","(2,2)","2","2","1430.81","(2,2)"
"115","2","2","1420.11","(2,2)","2","2","1399.05","(2,2)"
"116","2","2","1412.36","(2,2)","2","2","1391.29","(2,2)"
"117","2","2","1418.73","(2,2)","2","2","1397.67","(2,2)"
"118","2","0","1474.64","(2,0)","2","1","1459.33","(2,1)"
"119","2","0","1455.02","(2,0)","2","2","1434.33","(2,2)"
"120","2","0","1459.97","(2,0)","2","0","1447.33","(2,0)"
"121","2","1","1476.19","(2,1)","2","1","1459.33","(2,1)"
"122","2","0","1494.64","(2,0)","2","1","1479.31","(2,1)"
"123","1","2","1389.31","(1,2)","2","2","1371.75","(2,2)"
"124","2","2","1423.71","(2,2)","2","2","1402.65","(2,2)"
"125","2","0","1439.43","(2,0)","2","2","1420.43","(2,2)"
"126","2","2","1500.54","(2,2)","2","2","1479.48","(2,2)"
"127","2","2","1473.7","(2,2)","2","2","1452.64","(2,2)"
"128","1","2","1443.91","(1,2)","1","2","1427.05","(1,2)"
"129","2","0","1472.63","(2,0)","2","2","1456.91","(2,2)"
"130","1","2","1458.08","(1,2)","1","2","1441.23","(1,2)"
"131","2","0","1454.67","(2,0)","2","1","1438.56","(2,1)"
"132","2","0","1422.67","(2,0)","2","1","1405.86","(2,1)"
"133","1","2","1398.46","(1,2)","1","2","1381.61","(1,2)"
"134","2","1","1451.65","(2,1)","2","1","1434.8","(2,1)"
"135","2","2","1503.56","(2,2)","2","2","1482.5","(2,2)"
"136","2","2","1473.6","(2,2)","2","2","1452.54","(2,2)"
"137","1","2","1486.34","(1,2)","1","2","1469.49","(1,2)"
"138","2","1","1474.44","(2,1)","2","1","1457.59","(2,1)"
"139","2","0","1489.2","(2,0)","2","1","1473.3","(2,1)"
"140","2","2","1432.15","(2,2)","2","2","1411.09","(2,2)"
"141","2","0","1408.1","(2,0)","2","2","1393.56","(2,2)"
"142","2","2","1378.79","(2,2)","2","2","1357.73","(2,2)"
"143","2","0","1458.03","(2,0)","2","0","1445.39","(2,0)"
"144","2","2","1482.58","(2,2)","2","2","1461.52","(2,2)"
"145","2","2","1453.76","(2,2)","2","2","1432.7","(2,2)"
"146","2","2","1400.05","(2,2)","2","2","1378.99","(2,2)"
"147","2","0","1475.53","(2,0)","2","0","1462.89","(2,0)"
"148","2","2","1415.78","(2,2)","2","2","1394.71","(2,2)"
"149","2","2","1500.19","(2,2)","2","2","1479.13","(2,2)"
"150","2","0","1448.33","(2,0)","2","1","1432.73","(2,1)"
"151","2","0","1436.38","(2,0)","2","1","1422.49","(2,1)"
"152","2","2","1460.46","(2,2)","2","2","1439.4","(2,2)"
"153","1","2","1401.7","(1,2)","1","2","1384.85","(1,2)"
"154","2","0","1449.72","(2,0)","2","1","1436.3","(2,1)"
"155","2","2","1430.43","(2,2)","2","2","1409.37","(2,2)"
"156","1","2","1428.24","(1,2)","1","2","1411.39","(1,2)"
"157","2","1","1462.03","(2,1)","2","1","1445.18","(2,1)"
"158","2","2","1424.78","(2,2)","2","2","1403.72","(2,2)"
"159","2","0","1536.6","(2,0)","2","1","1519.77","(2,1)"
"160","2","0","1476.08","(2,0)","2","1","1460.67","(2,1)"
"161","2","2","1436.88","(2,2)","2","2","1415.82","(2,2)"
"162","2","2","1448.31","(2,2)","2","2","1427.25","(2,2)"
"163","2","1","1475.45","(2,1)","2","1","1458.6","(2,1)"
"164","1","2","1483.88","(1,2)","1","2","1467.03","(1,2)"
"165","1","2","1427.7","(1,2)","1","2","1410.85","(1,2)"
"166","2","2","1456.39","(2,2)","2","2","1435.32","(2,2)"
"167","2","0","1490.37","(2,0)","2","0","1477.73","(2,0)"
"168","2","2","1437.96","(2,2)","2","2","1416.89","(2,2)"
"169","2","2","1419.38","(2,2)","2","2","1398.32","(2,2)"
"170","2","2","1466.09","(2,2)","2","2","1445.03","(2,2)"
"171","2","2","1442.44","(2,2)","2","2","1421.38","(2,2)"
"172","2","2","1453.39","(2,2)","2","2","1432.33","(2,2)"
"173","2","2","1518.91","(2,2)","2","2","1497.85","(2,2)"
"174","2","2","1430.69","(2,2)","2","2","1409.63","(2,2)"
"175","2","0","1438.74","(2,0)","2","2","1423.42","(2,2)"
"176","2","2","1484.91","(2,2)","2","2","1463.84","(2,2)"
"177","2","2","1446.07","(2,2)","2","2","1425.01","(2,2)"
"178","2","2","1432.71","(2,2)","2","2","1411.65","(2,2)"
"179","2","2","1452.27","(2,2)","2","2","1431.2","(2,2)"
"180","2","2","1422.65","(2,2)","2","2","1401.59","(2,2)"
"181","2","2","1464.64","(2,2)","2","2","1443.57","(2,2)"
"182","1","2","1467.6","(1,2)","1","2","1450.75","(1,2)"
"183","2","0","1498.44","(2,0)","2","1","1484.93","(2,1)"
"184","2","1","1424.44","(2,1)","2","1","1407.59","(2,1)"
"185","1","2","1410.84","(1,2)","1","2","1393.99","(1,2)"
"186","1","2","1411.37","(1,2)","1","2","1394.52","(1,2)"
"187","1","2","1464.37","(1,2)","1","2","1447.52","(1,2)"
"188","1","2","1397.72","(1,2)","1","2","1380.87","(1,2)"
"189","2","0","1398.81","(2,0)","2","1","1385.22","(2,1)"
"190","2","2","1465.43","(2,2)","2","2","1444.37","(2,2)"
"191","2","2","1433.88","(2,2)","2","2","1412.82","(2,2)"
"192","2","2","1474.08","(2,2)","2","2","1453.02","(2,2)"
"193","2","2","1477.71","(2,2)","2","2","1456.65","(2,2)"
"194","2","0","1477.24","(2,0)","2","0","1464.6","(2,0)"
"195","2","0","1395.12","(2,0)","2","0","1382.48","(2,0)"
"196","2","2","1457.34","(2,2)","2","2","1436.28","(2,2)"
"197","1","2","1388.6","(1,2)","1","2","1371.75","(1,2)"
"198","2","0","1435.83","(2,0)","2","1","1423.06","(2,1)"
"199","2","0","1437.55","(2,0)","2","2","1416.73","(2,2)"
"200","2","2","1454.48","(2,2)","2","2","1433.42","(2,2)"
"201","2","2","1442.8","(2,2)","2","2","1421.73","(2,2)"
"202","2","2","1443.23","(2,2)","2","2","1422.17","(2,2)"
"203","2","2","1498.44","(2,2)","2","2","1477.38","(2,2)"
"204","2","2","1448.17","(2,2)","2","2","1427.11","(2,2)"
"205","2","0","1428.6","(2,0)","2","2","1407.99","(2,2)"
"206","2","2","1460.84","(2,2)","2","2","1439.78","(2,2)"
"207","2","2","1434.55","(2,2)","2","2","1413.49","(2,2)"
"208","2","2","1407.38","(2,2)","2","2","1386.32","(2,2)"
"209","2","2","1458.14","(2,2)","2","2","1437.08","(2,2)"
"210","1","2","1452.44","(1,2)","1","2","1435.59","(1,2)"
"211","2","2","1505.53","(2,2)","2","2","1484.47","(2,2)"
"212","2","2","1377.79","(2,2)","2","2","1356.72","(2,2)"
"213","1","2","1408.5","(1,2)","1","2","1391.65","(1,2)"
"214","2","2","1476.14","(2,2)","2","2","1455.07","(2,2)"
"215","2","2","1470.32","(2,2)","2","2","1449.26","(2,2)"
"216","2","0","1428.91","(2,0)","2","1","1412.95","(2,1)"
"217","2","2","1458.03","(2,2)","2","2","1436.96","(2,2)"
"218","1","2","1478.52","(1,2)","2","2","1458.63","(2,2)"
"219","1","2","1479.03","(1,2)","2","2","1461.77","(2,2)"
"220","2","0","1406.79","(2,0)","2","1","1392.24","(2,1)"
"221","2","2","1479.13","(2,2)","2","2","1458.07","(2,2)"
"222","2","2","1452.85","(2,2)","2","2","1431.79","(2,2)"
"223","2","2","1480.91","(2,2)","2","2","1459.84","(2,2)"
"224","1","2","1447.44","(1,2)","2","2","1429.71","(2,2)"
"225","2","1","1422.48","(2,1)","2","2","1404.57","(2,2)"
"226","2","2","1434.54","(2,2)","2","2","1413.48","(2,2)"
"227","1","2","1450.59","(1,2)","1","2","1433.74","(1,2)"
"228","2","2","1442.87","(2,2)","2","2","1421.81","(2,2)"
"229","2","0","1436.94","(2,0)","2","2","1423.05","(2,2)"
"230","2","2","1457.4","(2,2)","2","2","1436.34","(2,2)"
"231","2","0","1476.49","(2,0)","2","1","1460.08","(2,1)"
"232","2","0","1363.19","(2,0)","2","1","1346.99","(2,1)"
"233","2","2","1467.46","(2,2)","2","2","1446.4","(2,2)"
"234","1","2","1462.76","(1,2)","2","2","1443","(2,2)"
"235","1","2","1405.31","(1,2)","1","2","1388.46","(1,2)"
"236","2","2","1469.35","(2,2)","2","2","1448.29","(2,2)"
"237","2","0","1479.79","(2,0)","2","1","1463.74","(2,1)"
"238","2","0","1422.88","(2,0)","2","0","1410.24","(2,0)"
"239","1","2","1393.33","(1,2)","1","2","1376.48","(1,2)"
"240","2","2","1438","(2,2)","2","2","1416.94","(2,2)"
"241","1","2","1446.05","(1,2)","1","2","1429.2","(1,2)"
"242","2","2","1482.24","(2,2)","2","2","1461.18","(2,2)"
"243","2","2","1532.28","(2,2)","2","2","1511.22","(2,2)"
"244","2","2","1488.33","(2,2)","2","2","1467.27","(2,2)"
"245","1","2","1468.49","(1,2)","1","2","1451.64","(1,2)"
"246","1","2","1442.96","(1,2)","1","2","1426.11","(1,2)"
"247","1","2","1415.41","(1,2)","1","2","1398.56","(1,2)"
"248","2","0","1466.01","(2,0)","2","2","1453.11","(2,2)"
"249","2","2","1423.01","(2,2)","2","2","1401.95","(2,2)"
"250","2","2","1453.62","(2,2)","2","2","1432.56","(2,2)"
"251","2","2","1442.67","(2,2)","2","2","1421.6","(2,2)"
"252","1","2","1447.96","(1,2)","2","2","1430.86","(2,2)"
"253","2","0","1515.53","(2,0)","2","2","1496.18","(2,2)"
"254","2","0","1413.66","(2,0)","2","0","1401.02","(2,0)"
"255","2","0","1412.3","(2,0)","2","0","1399.66","(2,0)"
"256","2","2","1464.97","(2,2)","2","2","1443.91","(2,2)"
"257","2","0","1439.97","(2,0)","2","0","1427.33","(2,0)"
"258","2","2","1414.27","(2,2)","2","2","1393.2","(2,2)"
"259","2","2","1464.59","(2,2)","2","2","1443.53","(2,2)"
"260","2","2","1435.98","(2,2)","2","2","1414.91","(2,2)"
"261","2","2","1449.67","(2,2)","2","2","1428.61","(2,2)"
"262","1","2","1379.59","(1,2)","1","2","1362.74","(1,2)"
"263","1","2","1499.12","(1,2)","1","2","1482.27","(1,2)"
"264","2","2","1431.03","(2,2)","2","2","1409.97","(2,2)"
"265","2","2","1506.03","(2,2)","2","2","1484.97","(2,2)"
"266","1","2","1407.71","(1,2)","1","2","1390.86","(1,2)"
"267","2","0","1446.18","(2,0)","2","0","1433.54","(2,0)"
"268","1","2","1429.61","(1,2)","1","2","1412.76","(1,2)"
"269","2","2","1475.79","(2,2)","2","2","1454.73","(2,2)"
"270","1","2","1438.7","(1,2)","2","2","1419.95","(2,2)"
"271","1","2","1472.62","(1,2)","1","2","1455.77","(1,2)"
"272","2","0","1415.52","(2,0)","2","0","1402.89","(2,0)"
"273","2","0","1452.95","(2,0)","2","2","1436.8","(2,2)"
"274","2","1","1450.02","(2,1)","2","1","1433.17","(2,1)"
"275","2","2","1387.99","(2,2)","2","2","1366.93","(2,2)"
"276","1","2","1388.43","(1,2)","1","2","1371.58","(1,2)"
"277","2","0","1493.01","(2,0)","2","1","1477.85","(2,1)"
"278","2","1","1472.86","(2,1)","2","1","1456.01","(2,1)"
"279","2","2","1481.53","(2,2)","2","2","1460.47","(2,2)"
"280","2","2","1423.28","(2,2)","2","2","1402.22","(2,2)"
"281","2","2","1445.27","(2,2)","2","2","1424.21","(2,2)"
"282","1","2","1403.55","(1,2)","1","2","1386.7","(1,2)"
"283","2","0","1478.94","(2,0)","2","1","1464.53","(2,1)"
"284","2","2","1496.8","(2,2)","2","2","1475.74","(2,2)"
"285","2","2","1485.26","(2,2)","2","2","1464.19","(2,2)"
"286","2","0","1430.45","(2,0)","2","0","1417.81","(2,0)"
"287","2","0","1435.74","(2,0)","2","2","1416.15","(2,2)"
"288","2","2","1509.96","(2,2)","2","2","1488.9","(2,2)"
"289","2","2","1467.21","(2,2)","2","2","1446.14","(2,2)"
"290","2","2","1405.38","(2,2)","2","2","1384.32","(2,2)"
"291","2","2","1440.18","(2,2)","2","2","1419.12","(2,2)"
"292","1","2","1384.16","(1,2)","1","2","1367.31","(1,2)"
"293","1","2","1377.28","(1,2)","1","2","1360.43","(1,2)"
"294","2","2","1468.95","(2,2)","2","2","1447.88","(2,2)"
"295","2","2","1488.81","(2,2)","2","2","1467.75","(2,2)"
"296","1","2","1404.11","(1,2)","2","2","1386.61","(2,2)"
"297","1","2","1444.63","(1,2)","1","2","1427.78","(1,2)"
"298","2","1","1442.26","(2,1)","2","1","1425.41","(2,1)"
"299","2","2","1478.47","(2,2)","2","2","1457.41","(2,2)"
"300","1","2","1441.12","(1,2)","1","2","1424.27","(1,2)"
"301","2","2","1413.9","(2,2)","2","2","1392.84","(2,2)"
"302","1","2","1523.54","(1,2)","1","2","1506.69","(1,2)"
"303","1","2","1414.39","(1,2)","2","2","1393.39","(2,2)"
"304","2","2","1482.04","(2,2)","2","2","1460.98","(2,2)"
"305","2","2","1434.41","(2,2)","2","2","1413.35","(2,2)"
"306","2","0","1459.77","(2,0)","2","2","1442.41","(2,2)"
"307","2","2","1448.84","(2,2)","2","2","1427.78","(2,2)"
"308","2","2","1426.45","(2,2)","2","2","1405.39","(2,2)"
"309","1","2","1461.82","(1,2)","2","2","1441.44","(2,2)"
"310","1","2","1440.14","(1,2)","1","2","1423.29","(1,2)"
"311","2","2","1525.01","(2,2)","2","2","1503.94","(2,2)"
"312","1","2","1460.39","(1,2)","1","2","1443.54","(1,2)"
"313","2","2","1481.19","(2,2)","2","2","1460.13","(2,2)"
"314","2","2","1406.28","(2,2)","2","2","1385.22","(2,2)"
"315","2","1","1442.02","(2,1)","2","1","1425.17","(2,1)"
"316","2","2","1437.82","(2,2)","2","2","1416.76","(2,2)"
"317","2","0","1475","(2,0)","2","0","1462.36","(2,0)"
"318","1","2","1420.6","(1,2)","1","2","1403.75","(1,2)"
"319","2","0","1428.4","(2,0)","2","1","1411.68","(2,1)"
"320","2","2","1443.48","(2,2)","2","2","1422.41","(2,2)"
"321","2","0","1454.98","(2,0)","2","1","1439.98","(2,1)"
"322","2","0","1448.34","(2,0)","2","1","1435.08","(2,1)"
"323","1","2","1437.73","(1,2)","1","2","1420.88","(1,2)"
"324","2","2","1424.35","(2,2)","2","2","1403.28","(2,2)"
"325","1","2","1442.15","(1,2)","1","2","1425.3","(1,2)"
"326","2","2","1400.8","(2,2)","2","2","1379.73","(2,2)"
"327","1","2","1500.54","(1,2)","1","2","1483.69","(1,2)"
"328","2","2","1417.32","(2,2)","2","2","1396.26","(2,2)"
"329","2","2","1420.85","(2,2)","2","2","1399.78","(2,2)"
"330","2","2","1440.8","(2,2)","2","2","1419.74","(2,2)"
"331","2","2","1536.21","(2,2)","2","2","1515.15","(2,2)"
"332","2","2","1508.29","(2,2)","2","2","1487.23","(2,2)"
"333","1","2","1485.57","(1,2)","1","2","1468.72","(1,2)"
"334","2","2","1444.15","(2,2)","2","2","1423.08","(2,2)"
"335","2","2","1466.56","(2,2)","2","2","1445.49","(2,2)"
"336","2","2","1430.87","(2,2)","2","2","1409.81","(2,2)"
"337","2","2","1468","(2,2)","2","2","1446.93","(2,2)"
"338","2","0","1417.69","(2,0)","2","1","1403.7","(2,1)"
"339","1","2","1425.53","(1,2)","2","2","1407","(2,2)"
"340","1","2","1438.55","(1,2)","1","2","1421.69","(1,2)"
"341","1","2","1427.6","(1,2)","1","2","1410.74","(1,2)"
"342","2","2","1412.28","(2,2)","2","2","1391.21","(2,2)"
"343","2","2","1421.06","(2,2)","2","2","1400","(2,2)"
"344","2","2","1415.29","(2,2)","2","2","1394.23","(2,2)"
"345","2","2","1447.13","(2,2)","2","2","1426.06","(2,2)"
"346","1","2","1400.9","(1,2)","1","2","1384.04","(1,2)"
"347","1","2","1496.51","(1,2)","1","2","1479.66","(1,2)"
"348","2","2","1455.55","(2,2)","2","2","1434.48","(2,2)"
"349","1","2","1378.72","(1,2)","2","2","1358.16","(2,2)"
"350","2","0","1458.22","(2,0)","2","0","1445.58","(2,0)"
"351","2","0","1460.17","(2,0)","2","1","1444.62","(2,1)"
"352","2","2","1429.84","(2,2)","2","2","1408.77","(2,2)"
"353","1","2","1483.08","(1,2)","1","2","1466.23","(1,2)"
"354","2","2","1496.81","(2,2)","2","2","1475.75","(2,2)"
"355","2","0","1444.78","(2,0)","2","0","1432.14","(2,0)"
"356","1","2","1443.71","(1,2)","1","2","1426.86","(1,2)"
"357","2","2","1376.85","(2,2)","2","2","1355.78","(2,2)"
"358","2","0","1436.66","(2,0)","2","1","1422.85","(2,1)"
"359","2","2","1465.34","(2,2)","2","2","1444.28","(2,2)"
"360","2","2","1462.22","(2,2)","2","2","1441.16","(2,2)"
"361","1","2","1392.28","(1,2)","1","2","1375.43","(1,2)"
"362","2","2","1502.39","(2,2)","2","2","1481.32","(2,2)"
"363","2","0","1500.66","(2,0)","2","0","1488.02","(2,0)"
"364","2","0","1422.15","(2,0)","2","1","1406.95","(2,1)"
"365","2","2","1467.25","(2,2)","2","2","1446.19","(2,2)"
"366","2","2","1436.8","(2,2)","2","2","1415.74","(2,2)"
"367","2","0","1476.93","(2,0)","2","1","1463.19","(2,1)"
"368","2","0","1434.49","(2,0)","2","0","1421.85","(2,0)"
"369","2","2","1396.68","(2,2)","2","2","1375.61","(2,2)"
"370","2","0","1475.56","(2,0)","2","1","1462.49","(2,1)"
"371","2","2","1439.74","(2,2)","2","2","1418.68","(2,2)"
"372","1","2","1398.34","(1,2)","1","2","1381.49","(1,2)"
"373","2","2","1490.65","(2,2)","2","2","1469.58","(2,2)"
"374","2","0","1453.79","(2,0)","2","1","1440.28","(2,1)"
"375","2","0","1435.41","(2,0)","2","1","1421.86","(2,1)"
"376","2","0","1461.73","(2,0)","2","1","1449.02","(2,1)"
"377","2","2","1461.72","(2,2)","2","2","1440.66","(2,2)"
"378","2","0","1439.36","(2,0)","2","1","1424.76","(2,1)"
"379","2","2","1386.36","(2,2)","2","2","1365.3","(2,2)"
"380","2","2","1520.82","(2,2)","2","2","1499.76","(2,2)"
"381","2","0","1470.45","(2,0)","2","1","1454.17","(2,1)"
"382","2","2","1451.26","(2,2)","2","2","1430.2","(2,2)"
"383","2","2","1461.78","(2,2)","2","2","1440.71","(2,2)"
"384","1","2","1463.77","(1,2)","2","2","1443.43","(2,2)"
"385","1","2","1469.3","(1,2)","1","2","1452.45","(1,2)"
"386","2","0","1359.13","(2,0)","2","0","1346.49","(2,0)"
"387","2","2","1490.52","(2,2)","2","2","1469.45","(2,2)"
"388","2","2","1453.7","(2,2)","2","2","1432.63","(2,2)"
"389","1","2","1484.82","(1,2)","1","2","1467.97","(1,2)"
"390","2","2","1442.01","(2,2)","2","2","1420.95","(2,2)"
"391","2","2","1395.72","(2,2)","2","2","1374.66","(2,2)"
"392","2","2","1453.03","(2,2)","2","2","1431.97","(2,2)"
"393","2","0","1443.17","(2,0)","2","0","1430.54","(2,0)"
"394","2","2","1402.87","(2,2)","2","2","1381.81","(2,2)"
"395","2","2","1456.83","(2,2)","2","2","1435.77","(2,2)"
"396","1","2","1398.12","(1,2)","1","2","1381.27","(1,2)"
"397","2","2","1487.47","(2,2)","2","2","1466.41","(2,2)"
"398","2","2","1403.69","(2,2)","2","2","1382.63","(2,2)"
"399","1","2","1443.85","(1,2)","1","2","1427","(1,2)"
"400","2","2","1475.06","(2,2)","2","2","1454","(2,2)"
"401","2","0","1451.54","(2,0)","2","1","1436","(2,1)"
"402","1","2","1432.67","(1,2)","1","2","1415.82","(1,2)"
"403","2","2","1451.85","(2,2)","2","2","1430.79","(2,2)"
"404","2","0","1419.28","(2,0)","2","2","1403.21","(2,2)"
"405","2","2","1465.71","(2,2)","2","2","1444.65","(2,2)"
"406","2","2","1464.38","(2,2)","2","2","1443.32","(2,2)"
"407","2","0","1432.24","(2,0)","2","0","1419.6","(2,0)"
"408","2","0","1372.15","(2,0)","2","1","1357.28","(2,1)"
"409","1","2","1432.23","(1,2)","1","2","1415.37","(1,2)"
"410","2","1","1398.73","(2,1)","2","1","1381.88","(2,1)"
"411","2","0","1435.21","(2,0)","2","2","1417.87","(2,2)"
"412","2","2","1442.52","(2,2)","2","2","1421.46","(2,2)"
"413","2","2","1526.81","(2,2)","2","2","1505.74","(2,2)"
"414","2","2","1460.1","(2,2)","2","2","1439.04","(2,2)"
"415","1","2","1449.61","(1,2)","1","2","1432.76","(1,2)"
"416","2","2","1460.45","(2,2)","2","2","1439.38","(2,2)"
"417","2","1","1455.68","(2,1)","2","1","1438.83","(2,1)"
"418","2","2","1452.81","(2,2)","2","2","1431.75","(2,2)"
"419","2","0","1498.11","(2,0)","2","0","1485.47","(2,0)"
"420","2","2","1452.34","(2,2)","2","2","1431.28","(2,2)"
"421","2","2","1415.26","(2,2)","2","2","1394.2","(2,2)"
"422","1","2","1469.63","(1,2)","1","2","1452.77","(1,2)"
"423","2","2","1461.61","(2,2)","2","2","1440.55","(2,2)"
"424","2","2","1501.62","(2,2)","2","2","1480.56","(2,2)"
"425","2","0","1445.77","(2,0)","2","1","1430.08","(2,1)"
"426","2","0","1480.74","(2,0)","2","1","1466.8","(2,1)"
"427","1","2","1508.79","(1,2)","2","2","1488.49","(2,2)"
"428","1","2","1493.99","(1,2)","2","2","1475.49","(2,2)"
"429","2","0","1428.33","(2,0)","2","2","1409","(2,2)"
"430","2","2","1450.23","(2,2)","2","2","1429.17","(2,2)"
"431","2","2","1467.96","(2,2)","2","2","1446.9","(2,2)"
"432","2","1","1438.35","(2,1)","2","1","1421.5","(2,1)"
"433","2","2","1469.92","(2,2)","2","2","1448.85","(2,2)"
"434","2","2","1445.87","(2,2)","2","2","1424.81","(2,2)"
"435","2","2","1452.23","(2,2)","2","2","1431.17","(2,2)"
"436","2","2","1432.78","(2,2)","2","2","1411.72","(2,2)"
"437","2","2","1489.06","(2,2)","2","2","1468","(2,2)"
"438","2","0","1491.53","(2,0)","2","0","1478.89","(2,0)"
"439","2","2","1453.3","(2,2)","2","2","1432.24","(2,2)"
"440","2","2","1378.81","(2,2)","2","2","1357.75","(2,2)"
"441","2","2","1398.83","(2,2)","2","2","1377.77","(2,2)"
"442","2","0","1427.93","(2,0)","2","1","1411.22","(2,1)"
"443","2","0","1498.05","(2,0)","2","0","1485.41","(2,0)"
"444","2","2","1438.7","(2,2)","2","2","1417.64","(2,2)"
"445","2","2","1445.98","(2,2)","2","2","1424.92","(2,2)"
"446","2","0","1512.95","(2,0)","2","0","1500.31","(2,0)"
"447","1","2","1439.78","(1,2)","1","2","1422.93","(1,2)"
"448","1","2","1461.64","(1,2)","2","2","1440.75","(2,2)"
"449","2","0","1476.93","(2,0)","2","1","1461.58","(2,1)"
"450","2","1","1386.49","(2,1)","2","1","1369.64","(2,1)"
"451","2","0","1460.12","(2,0)","2","0","1447.48","(2,0)"
"452","2","0","1471.32","(2,0)","2","2","1453.91","(2,2)"
"453","2","2","1440.49","(2,2)","2","2","1419.43","(2,2)"
"454","2","2","1430.76","(2,2)","2","2","1409.7","(2,2)"
"455","1","2","1424.14","(1,2)","1","2","1407.29","(1,2)"
"456","2","0","1443.12","(2,0)","2","1","1429.51","(2,1)"
"457","2","2","1412.72","(2,2)","2","2","1391.66","(2,2)"
"458","2","1","1446.45","(2,1)","2","1","1429.6","(2,1)"
"459","2","2","1479.23","(2,2)","2","2","1458.17","(2,2)"
"460","2","2","1500.69","(2,2)","2","2","1479.63","(2,2)"
"461","1","2","1463.45","(1,2)","2","2","1442.82","(2,2)"
"462","2","0","1424.48","(2,0)","2","2","1406.76","(2,2)"
"463","2","2","1427.52","(2,2)","2","2","1406.46","(2,2)"
"464","2","0","1411.93","(2,0)","2","1","1398.4","(2,1)"
"465","2","2","1448.62","(2,2)","2","2","1427.55","(2,2)"
"466","1","2","1459.56","(1,2)","2","2","1442.51","(2,2)"
"467","2","2","1437.84","(2,2)","2","2","1416.77","(2,2)"
"468","2","0","1436.95","(2,0)","2","2","1421.78","(2,2)"
"469","2","0","1446.82","(2,0)","2","1","1431.22","(2,1)"
"470","2","0","1461.94","(2,0)","2","0","1449.3","(2,0)"
"471","1","2","1460.2","(1,2)","1","2","1443.34","(1,2)"
"472","2","0","1431.69","(2,0)","2","1","1416.64","(2,1)"
"473","2","0","1435.59","(2,0)","2","0","1422.95","(2,0)"
"474","2","0","1442.21","(2,0)","2","1","1428.81","(2,1)"
"475","2","2","1439.15","(2,2)","2","2","1418.08","(2,2)"
"476","1","2","1468.12","(1,2)","1","2","1451.27","(1,2)"
"477","2","2","1457.89","(2,2)","2","2","1436.83","(2,2)"
"478","2","2","1472.96","(2,2)","2","2","1451.89","(2,2)"
"479","2","0","1457.85","(2,0)","2","0","1445.22","(2,0)"
"480","2","0","1434","(2,0)","2","0","1421.36","(2,0)"
"481","2","0","1397.1","(2,0)","2","2","1377.3","(2,2)"
"482","2","1","1459.21","(2,1)","2","1","1442.36","(2,1)"
"483","2","2","1453.9","(2,2)","2","2","1432.83","(2,2)"
"484","2","0","1417.43","(2,0)","2","1","1402.15","(2,1)"
"485","2","1","1463.5","(2,1)","2","2","1444.24","(2,2)"
"486","2","2","1445.05","(2,2)","2","2","1423.98","(2,2)"
"487","2","2","1444.98","(2,2)","2","2","1423.92","(2,2)"
"488","1","2","1393.36","(1,2)","1","2","1376.51","(1,2)"
"489","2","2","1475.95","(2,2)","2","2","1454.89","(2,2)"
"490","2","2","1466.12","(2,2)","2","2","1445.06","(2,2)"
"491","1","2","1441.67","(1,2)","1","2","1424.82","(1,2)"
"492","2","0","1471","(2,0)","2","0","1458.37","(2,0)"
"493","1","2","1467.07","(1,2)","1","2","1450.22","(1,2)"
"494","2","0","1452.47","(2,0)","2","1","1438.49","(2,1)"
"495","2","1","1417.78","(2,1)","2","1","1400.93","(2,1)"
"496","1","2","1412.81","(1,2)","2","2","1392.96","(2,2)"
"497","2","0","1425.6","(2,0)","2","2","1405.75","(2,2)"
"498","1","2","1454.07","(1,2)","1","2","1437.22","(1,2)"
"499","2","2","1489.25","(2,2)","2","2","1468.18","(2,2)"
"500","1","2","1420.1","(1,2)","1","2","1403.25","(1,2)"
"501","2","2","1404.58","(2,2)","2","2","1383.52","(2,2)"
"502","1","2","1382.74","(1,2)","1","2","1365.89","(1,2)"
"503","2","2","1467.99","(2,2)","2","2","1446.93","(2,2)"
"504","2","2","1462.2","(2,2)","2","2","1441.14","(2,2)"
"505","2","2","1387.42","(2,2)","2","2","1366.36","(2,2)"
"506","2","2","1411.38","(2,2)","2","2","1390.32","(2,2)"
"507","2","2","1421.94","(2,2)","2","2","1400.88","(2,2)"
"508","2","2","1462.07","(2,2)","2","2","1441.01","(2,2)"
"509","2","0","1455.84","(2,0)","2","1","1441.6","(2,1)"
"510","2","2","1448.72","(2,2)","2","2","1427.66","(2,2)"
"511","2","2","1354.88","(2,2)","2","2","1333.82","(2,2)"
"512","1","2","1421.13","(1,2)","2","2","1404.02","(2,2)"
"513","2","0","1495.03","(2,0)","2","1","1481.89","(2,1)"
"514","2","2","1479.25","(2,2)","2","2","1458.19","(2,2)"
"515","2","0","1411.06","(2,0)","2","0","1398.42","(2,0)"
"516","2","0","1432.34","(2,0)","2","1","1419.48","(2,1)"
"517","2","0","1432.1","(2,0)","2","0","1419.47","(2,0)"
"518","1","2","1455.94","(1,2)","2","2","1438.75","(2,2)"
"519","2","1","1439.77","(2,1)","2","1","1422.92","(2,1)"
"520","2","0","1430.05","(2,0)","2","0","1417.41","(2,0)"
"521","2","2","1421.29","(2,2)","2","2","1400.23","(2,2)"
"522","2","2","1476.31","(2,2)","2","2","1455.24","(2,2)"
"523","1","2","1490.44","(1,2)","2","2","1473.5","(2,2)"
"524","2","0","1442.18","(2,0)","2","1","1426.35","(2,1)"
"525","1","2","1437.75","(1,2)","1","2","1420.9","(1,2)"
"526","2","2","1409.79","(2,2)","2","2","1388.73","(2,2)"
"527","1","2","1436.84","(1,2)","1","2","1419.99","(1,2)"
"528","2","0","1448.49","(2,0)","2","1","1433.82","(2,1)"
"529","2","1","1444.78","(2,1)","2","1","1427.93","(2,1)"
"530","2","0","1475.4","(2,0)","2","1","1459.1","(2,1)"
"531","2","0","1461.95","(2,0)","2","0","1449.31","(2,0)"
"532","2","2","1428.13","(2,2)","2","2","1407.07","(2,2)"
"533","2","2","1452.81","(2,2)","2","2","1431.74","(2,2)"
"534","2","0","1451.25","(2,0)","2","1","1437.31","(2,1)"
"535","2","2","1447.56","(2,2)","2","2","1426.49","(2,2)"
"536","2","1","1477.34","(2,1)","2","1","1460.49","(2,1)"
"537","2","2","1432.81","(2,2)","2","2","1411.75","(2,2)"
"538","2","1","1461.05","(2,1)","2","1","1444.2","(2,1)"
"539","2","2","1390.28","(2,2)","2","2","1369.22","(2,2)"
"540","1","2","1431.69","(1,2)","1","2","1414.84","(1,2)"
"541","1","2","1447.52","(1,2)","1","2","1430.67","(1,2)"
"542","1","2","1460.56","(1,2)","1","2","1443.71","(1,2)"
"543","2","2","1421.1","(2,2)","2","2","1400.04","(2,2)"
"544","2","1","1394.35","(2,1)","2","1","1377.5","(2,1)"
"545","2","2","1438.42","(2,2)","2","2","1417.36","(2,2)"
"546","2","2","1401.79","(2,2)","2","2","1380.73","(2,2)"
"547","1","2","1461.71","(1,2)","1","2","1444.86","(1,2)"
"548","2","2","1406.58","(2,2)","2","2","1385.51","(2,2)"
"549","2","2","1406.19","(2,2)","2","2","1385.13","(2,2)"
"550","1","2","1451.01","(1,2)","2","2","1431.09","(2,2)"
"551","1","2","1426.31","(1,2)","1","2","1409.46","(1,2)"
"552","2","2","1379.55","(2,2)","2","2","1358.48","(2,2)"
"553","1","2","1369.4","(1,2)","1","2","1352.55","(1,2)"
"554","2","0","1489.47","(2,0)","2","1","1474.36","(2,1)"
"555","2","2","1499.92","(2,2)","2","2","1478.86","(2,2)"
"556","2","2","1471.12","(2,2)","2","2","1450.06","(2,2)"
"557","2","2","1469.1","(2,2)","2","2","1448.04","(2,2)"
"558","2","2","1426.76","(2,2)","2","2","1405.7","(2,2)"
"559","2","2","1461.08","(2,2)","2","2","1440.02","(2,2)"
"560","1","2","1424.8","(1,2)","1","2","1407.95","(1,2)"
"561","2","2","1403.05","(2,2)","2","2","1381.99","(2,2)"
"562","2","0","1503.85","(2,0)","2","0","1491.21","(2,0)"
"563","2","0","1441.4","(2,0)","2","1","1428.59","(2,1)"
"564","2","2","1455.81","(2,2)","2","2","1434.75","(2,2)"
"565","2","1","1454.7","(2,1)","2","1","1437.85","(2,1)"
"566","2","2","1481.91","(2,2)","2","2","1460.85","(2,2)"
"567","2","2","1467.1","(2,2)","2","2","1446.03","(2,2)"
"568","1","2","1404.52","(1,2)","1","2","1387.66","(1,2)"
"569","2","0","1382.71","(2,0)","2","2","1369.74","(2,2)"
"570","2","0","1461.9","(2,0)","2","1","1446.24","(2,1)"
"571","2","2","1435.84","(2,2)","2","2","1414.77","(2,2)"
"572","2","2","1438.99","(2,2)","2","2","1417.93","(2,2)"
"573","2","2","1384.79","(2,2)","2","2","1363.73","(2,2)"
"574","2","1","1410.53","(2,1)","2","1","1393.68","(2,1)"
"575","2","2","1434.46","(2,2)","2","2","1413.4","(2,2)"
"576","2","2","1464.96","(2,2)","2","2","1443.89","(2,2)"
"577","2","0","1485.07","(2,0)","2","1","1471.46","(2,1)"
"578","2","2","1405.44","(2,2)","2","2","1384.38","(2,2)"
"579","2","1","1459.46","(2,1)","2","1","1442.61","(2,1)"
"580","2","0","1478","(2,0)","2","2","1463.5","(2,2)"
"581","2","2","1479.12","(2,2)","2","2","1458.06","(2,2)"
"582","2","2","1464.05","(2,2)","2","2","1442.98","(2,2)"
"583","2","2","1446.35","(2,2)","2","2","1425.29","(2,2)"
"584","1","2","1466.42","(1,2)","1","2","1449.57","(1,2)"
"585","1","2","1465.26","(1,2)","2","2","1448.2","(2,2)"
"586","2","0","1453.59","(2,0)","2","1","1438.32","(2,1)"
"587","1","2","1455.47","(1,2)","1","2","1438.62","(1,2)"
"588","2","2","1485.55","(2,2)","2","2","1464.49","(2,2)"
"589","2","2","1462.52","(2,2)","2","2","1441.46","(2,2)"
"590","2","0","1446.67","(2,0)","2","2","1429.72","(2,2)"
"591","2","2","1459.54","(2,2)","2","2","1438.48","(2,2)"
"592","2","0","1500.14","(2,0)","2","0","1487.5","(2,0)"
"593","2","2","1451.3","(2,2)","2","2","1430.24","(2,2)"
"594","2","2","1475.74","(2,2)","2","2","1454.67","(2,2)"
"595","2","2","1428.05","(2,2)","2","2","1406.99","(2,2)"
"596","2","0","1439.88","(2,0)","2","0","1427.24","(2,0)"
"597","2","2","1456.39","(2,2)","2","2","1435.32","(2,2)"
"598","2","2","1429.97","(2,2)","2","2","1408.91","(2,2)"
"599","2","0","1501.22","(2,0)","2","1","1486.71","(2,1)"
"600","2","0","1487.01","(2,0)","2","1","1474.15","(2,1)"
"601","2","2","1447.23","(2,2)","2","2","1426.17","(2,2)"
"602","1","2","1413.5","(1,2)","1","2","1396.65","(1,2)"
"603","2","2","1423.03","(2,2)","2","2","1401.96","(2,2)"
"604","2","2","1436.29","(2,2)","2","2","1415.23","(2,2)"
"605","2","2","1497.9","(2,2)","2","2","1476.83","(2,2)"
"606","2","0","1456.48","(2,0)","2","1","1443.19","(2,1)"
"607","2","2","1462.64","(2,2)","2","2","1441.58","(2,2)"
"608","1","2","1499.14","(1,2)","1","2","1482.29","(1,2)"
"609","2","2","1397.82","(2,2)","2","2","1376.76","(2,2)"
"610","2","2","1445.5","(2,2)","2","2","1424.43","(2,2)"
"611","2","1","1457.66","(2,1)","2","1","1440.81","(2,1)"
"612","1","2","1478.68","(1,2)","1","2","1461.83","(1,2)"
"613","2","2","1409.45","(2,2)","2","2","1388.38","(2,2)"
"614","2","0","1423.4","(2,0)","2","0","1410.76","(2,0)"
"615","2","0","1384.95","(2,0)","2","2","1368.86","(2,2)"
"616","2","2","1445.15","(2,2)","2","2","1424.08","(2,2)"
"617","1","2","1410.98","(1,2)","1","2","1394.13","(1,2)"
"618","2","2","1436.96","(2,2)","2","2","1415.89","(2,2)"
"619","2","0","1496.4","(2,0)","2","2","1477.65","(2,2)"
"620","1","2","1417.27","(1,2)","2","2","1400.42","(2,2)"
"621","1","2","1454.89","(1,2)","1","2","1438.04","(1,2)"
"622","2","2","1433.29","(2,2)","2","2","1412.23","(2,2)"
"623","2","2","1408.63","(2,2)","2","2","1387.57","(2,2)"
"624","2","0","1384.13","(2,0)","2","2","1364.67","(2,2)"
"625","2","2","1445.41","(2,2)","2","2","1424.34","(2,2)"
"626","2","0","1481.96","(2,0)","2","1","1468.78","(2,1)"
"627","2","1","1474.21","(2,1)","2","1","1457.36","(2,1)"
"628","2","0","1433.74","(2,0)","2","0","1421.11","(2,0)"
"629","2","0","1456.85","(2,0)","2","0","1444.21","(2,0)"
"630","2","2","1486.71","(2,2)","2","2","1465.64","(2,2)"
"631","2","0","1492.8","(2,0)","2","2","1471.81","(2,2)"
"632","2","0","1412.95","(2,0)","2","0","1400.31","(2,0)"
"633","2","2","1357.64","(2,2)","2","2","1336.58","(2,2)"
"634","2","2","1442.39","(2,2)","2","2","1421.32","(2,2)"
"635","2","0","1440.78","(2,0)","2","0","1428.14","(2,0)"
"636","2","1","1472.7","(2,1)","2","1","1455.85","(2,1)"
"637","2","2","1411.63","(2,2)","2","2","1390.57","(2,2)"
"638","2","0","1469.14","(2,0)","2","0","1456.5","(2,0)"
"639","2","2","1452.74","(2,2)","2","2","1431.68","(2,2)"
"640","2","2","1434.76","(2,2)","2","2","1413.69","(2,2)"
"641","2","2","1504.7","(2,2)","2","2","1483.63","(2,2)"
"642","2","0","1437.98","(2,0)","2","1","1422.67","(2,1)"
"643","2","2","1405.67","(2,2)","2","2","1384.6","(2,2)"
"644","2","2","1407.35","(2,2)","2","2","1386.28","(2,2)"
"645","2","2","1508.4","(2,2)","2","2","1487.34","(2,2)"
"646","2","2","1469.37","(2,2)","2","2","1448.31","(2,2)"
"647","2","2","1460.43","(2,2)","2","2","1439.36","(2,2)"
"648","2","2","1443.93","(2,2)","2","2","1422.87","(2,2)"
"649","1","2","1446.35","(1,2)","1","2","1429.5","(1,2)"
"650","2","2","1359.14","(2,2)","2","2","1338.07","(2,2)"
"651","2","2","1471.34","(2,2)","2","2","1450.28","(2,2)"
"652","2","2","1443.17","(2,2)","2","2","1422.1","(2,2)"
"653","2","2","1460.19","(2,2)","2","2","1439.13","(2,2)"
"654","2","2","1460.79","(2,2)","2","2","1439.73","(2,2)"
"655","2","2","1485.72","(2,2)","2","2","1464.66","(2,2)"
"656","2","2","1434.14","(2,2)","2","2","1413.08","(2,2)"
"657","2","1","1422.92","(2,1)","2","1","1406.07","(2,1)"
"658","2","2","1432.45","(2,2)","2","2","1411.39","(2,2)"
"659","2","2","1480.47","(2,2)","2","2","1459.41","(2,2)"
"660","2","2","1459.21","(2,2)","2","2","1438.15","(2,2)"
"661","2","0","1482.33","(2,0)","2","0","1469.69","(2,0)"
"662","2","1","1441.59","(2,1)","2","1","1424.74","(2,1)"
"663","2","2","1401.93","(2,2)","2","2","1380.87","(2,2)"
"664","2","0","1474.74","(2,0)","2","1","1461.57","(2,1)"
"665","2","2","1440.05","(2,2)","2","2","1418.99","(2,2)"
"666","2","2","1444.44","(2,2)","2","2","1423.38","(2,2)"
"667","2","1","1442.59","(2,1)","2","1","1425.74","(2,1)"
"668","2","2","1512.83","(2,2)","2","2","1491.77","(2,2)"
"669","2","2","1429.72","(2,2)","2","2","1408.66","(2,2)"
"670","2","2","1395.05","(2,2)","2","2","1373.99","(2,2)"
"671","2","1","1442.9","(2,1)","2","1","1426.05","(2,1)"
"672","2","2","1432.73","(2,2)","2","2","1411.67","(2,2)"
"673","2","2","1448.23","(2,2)","2","2","1427.17","(2,2)"
"674","2","2","1419.31","(2,2)","2","2","1398.24","(2,2)"
"675","2","2","1455.34","(2,2)","2","2","1434.27","(2,2)"
"676","2","2","1384.34","(2,2)","2","2","1363.27","(2,2)"
"677","2","2","1443.77","(2,2)","2","2","1422.7","(2,2)"
"678","2","2","1453.95","(2,2)","2","2","1432.88","(2,2)"
"679","2","2","1437.64","(2,2)","2","2","1416.57","(2,2)"
"680","1","2","1470.15","(1,2)","2","2","1451.08","(2,2)"
"681","2","1","1496.48","(2,1)","2","1","1479.63","(2,1)"
"682","2","2","1408.44","(2,2)","2","2","1387.38","(2,2)"
"683","1","2","1474.65","(1,2)","1","2","1457.8","(1,2)"
"684","1","2","1452.97","(1,2)","1","2","1436.12","(1,2)"
"685","1","2","1440.68","(1,2)","1","2","1423.83","(1,2)"
"686","1","2","1417.85","(1,2)","1","2","1401","(1,2)"
"687","2","0","1453.05","(2,0)","2","0","1440.41","(2,0)"
"688","2","2","1413.81","(2,2)","2","2","1392.75","(2,2)"
"689","2","1","1468.06","(2,1)","2","1","1451.21","(2,1)"
"690","2","0","1390.14","(2,0)","2","0","1377.5","(2,0)"
"691","2","1","1472.18","(2,1)","2","1","1455.33","(2,1)"
"692","2","2","1406.64","(2,2)","2","2","1385.57","(2,2)"
"693","2","0","1463.65","(2,0)","2","1","1449.17","(2,1)"
"694","1","2","1433.59","(1,2)","1","2","1416.74","(1,2)"
"695","2","0","1424","(2,0)","2","1","1409.78","(2,1)"
"696","1","2","1447.69","(1,2)","2","2","1429.56","(2,2)"
"697","1","2","1420.38","(1,2)","1","2","1403.53","(1,2)"
"698","1","2","1455.97","(1,2)","2","2","1437.63","(2,2)"
"699","2","2","1463.81","(2,2)","2","2","1442.75","(2,2)"
"700","2","2","1466.97","(2,2)","2","2","1445.91","(2,2)"
"701","2","1","1436.39","(2,1)","2","1","1419.54","(2,1)"
"702","2","2","1476.91","(2,2)","2","2","1455.84","(2,2)"
"703","1","2","1380.32","(1,2)","2","2","1362.23","(2,2)"
"704","2","0","1389.35","(2,0)","2","0","1376.71","(2,0)"
"705","1","2","1448.34","(1,2)","1","2","1431.49","(1,2)"
"706","2","0","1435.13","(2,0)","2","2","1416.24","(2,2)"
"707","2","2","1452","(2,2)","2","2","1430.94","(2,2)"
"708","2","0","1483.53","(2,0)","2","1","1467.11","(2,1)"
"709","2","1","1484.77","(2,1)","2","1","1467.92","(2,1)"
"710","1","2","1465.97","(1,2)","1","2","1449.12","(1,2)"
"711","2","2","1452.55","(2,2)","2","2","1431.49","(2,2)"
"712","2","2","1464.6","(2,2)","2","2","1443.53","(2,2)"
"713","2","2","1508.24","(2,2)","2","2","1487.18","(2,2)"
"714","2","0","1448.55","(2,0)","2","1","1431.92","(2,1)"
"715","2","2","1464.87","(2,2)","2","2","1443.81","(2,2)"
"716","2","2","1469.47","(2,2)","2","2","1448.4","(2,2)"
"717","2","0","1404.98","(2,0)","2","1","1391.39","(2,1)"
"718","2","1","1417.55","(2,1)","2","1","1400.7","(2,1)"
"719","2","1","1469.88","(2,1)","2","1","1453.03","(2,1)"
"720","2","2","1489.45","(2,2)","2","2","1468.39","(2,2)"
"721","2","2","1432.11","(2,2)","2","2","1411.05","(2,2)"
"722","2","2","1531.64","(2,2)","2","2","1510.57","(2,2)"
"723","2","0","1494.56","(2,0)","2","1","1481.2","(2,1)"
"724","2","0","1494.41","(2,0)","2","1","1478.82","(2,1)"
"725","2","0","1419.01","(2,0)","2","0","1406.37","(2,0)"
"726","1","2","1436.11","(1,2)","1","2","1419.26","(1,2)"
"727","2","0","1467.85","(2,0)","2","1","1454.01","(2,1)"
"728","1","2","1407.68","(1,2)","1","2","1390.83","(1,2)"
"729","2","0","1474.03","(2,0)","2","1","1458.89","(2,1)"
"730","2","2","1451.06","(2,2)","2","2","1430","(2,2)"
"731","1","2","1377.69","(1,2)","1","2","1360.84","(1,2)"
"732","2","2","1448.17","(2,2)","2","2","1427.11","(2,2)"
"733","2","2","1460.77","(2,2)","2","2","1439.71","(2,2)"
"734","2","0","1457.66","(2,0)","2","2","1439.11","(2,2)"
"735","1","2","1457.89","(1,2)","1","2","1441.04","(1,2)"
"736","2","1","1399.73","(2,1)","2","1","1382.88","(2,1)"
"737","2","0","1441.04","(2,0)","2","2","1421.77","(2,2)"
"738","2","2","1416.93","(2,2)","2","2","1395.87","(2,2)"
"739","1","2","1471.58","(1,2)","2","2","1453.47","(2,2)"
"740","2","2","1477.93","(2,2)","2","2","1456.86","(2,2)"
"741","2","1","1451.15","(2,1)","2","1","1434.3","(2,1)"
"742","2","2","1459.57","(2,2)","2","2","1438.51","(2,2)"
"743","2","0","1451.07","(2,0)","2","1","1435.74","(2,1)"
"744","1","2","1439.18","(1,2)","1","2","1422.33","(1,2)"
"745","1","2","1416.51","(1,2)","2","2","1396.58","(2,2)"
"746","2","0","1420.98","(2,0)","2","2","1404.82","(2,2)"
"747","2","1","1471.63","(2,1)","2","1","1454.78","(2,1)"
"748","2","2","1493.22","(2,2)","2","2","1472.16","(2,2)"
"749","2","2","1427.41","(2,2)","2","2","1406.35","(2,2)"
"750","2","0","1429.47","(2,0)","2","1","1412.79","(2,1)"
"751","2","0","1470","(2,0)","2","0","1457.36","(2,0)"
"752","2","0","1459.88","(2,0)","2","0","1447.25","(2,0)"
"753","1","2","1469.72","(1,2)","1","2","1452.87","(1,2)"
"754","2","2","1426.99","(2,2)","2","2","1405.93","(2,2)"
"755","2","2","1480.89","(2,2)","2","2","1459.83","(2,2)"
"756","2","1","1439.62","(2,1)","2","1","1422.77","(2,1)"
"757","2","2","1454.51","(2,2)","2","2","1433.45","(2,2)"
"758","2","2","1486.97","(2,2)","2","2","1465.9","(2,2)"
"759","2","2","1425.21","(2,2)","2","2","1404.15","(2,2)"
"760","2","2","1484.68","(2,2)","2","2","1463.62","(2,2)"
"761","2","0","1405.95","(2,0)","2","0","1393.32","(2,0)"
"762","2","1","1467.14","(2,1)","2","1","1450.29","(2,1)"
"763","2","1","1488.2","(2,1)","2","2","1470.31","(2,2)"
"764","2","2","1446.41","(2,2)","2","2","1425.35","(2,2)"
"765","2","2","1453.64","(2,2)","2","2","1432.58","(2,2)"
"766","2","1","1484.59","(2,1)","2","1","1467.74","(2,1)"
"767","2","2","1443.47","(2,2)","2","2","1422.4","(2,2)"
"768","2","2","1411.66","(2,2)","2","2","1390.6","(2,2)"
"769","2","0","1465.83","(2,0)","2","0","1453.19","(2,0)"
"770","2","2","1430.26","(2,2)","2","2","1409.2","(2,2)"
"771","2","0","1442.28","(2,0)","2","0","1429.64","(2,0)"
"772","2","2","1388.22","(2,2)","2","2","1367.15","(2,2)"
"773","2","1","1472.23","(2,1)","2","1","1455.38","(2,1)"
"774","2","0","1441.95","(2,0)","2","1","1428.15","(2,1)"
"775","2","0","1395.18","(2,0)","2","1","1381.5","(2,1)"
"776","2","2","1458.04","(2,2)","2","2","1436.98","(2,2)"
"777","2","0","1418.47","(2,0)","2","0","1405.83","(2,0)"
"778","2","2","1444.95","(2,2)","2","2","1423.89","(2,2)"
"779","1","2","1467.05","(1,2)","1","2","1450.2","(1,2)"
"780","2","2","1411.37","(2,2)","2","2","1390.31","(2,2)"
"781","2","2","1425.84","(2,2)","2","2","1404.77","(2,2)"
"782","2","2","1458.96","(2,2)","2","2","1437.9","(2,2)"
"783","2","0","1417.11","(2,0)","2","2","1403.87","(2,2)"
"784","2","0","1478.77","(2,0)","2","1","1463.53","(2,1)"
"785","2","0","1447.48","(2,0)","2","0","1434.85","(2,0)"
"786","2","0","1452.89","(2,0)","2","1","1437.7","(2,1)"
"787","2","2","1457.76","(2,2)","2","2","1436.7","(2,2)"
"788","1","2","1490.04","(1,2)","1","2","1473.19","(1,2)"
"789","1","2","1460.34","(1,2)","1","2","1443.49","(1,2)"
"790","2","0","1449.54","(2,0)","2","2","1434.11","(2,2)"
"791","2","2","1390.38","(2,2)","2","2","1369.31","(2,2)"
"792","1","2","1391.9","(1,2)","1","2","1375.05","(1,2)"
"793","2","2","1415.64","(2,2)","2","2","1394.57","(2,2)"
"794","2","0","1377.06","(2,0)","2","2","1362.26","(2,2)"
"795","2","0","1464.83","(2,0)","2","1","1448.82","(2,1)"
"796","1","2","1438.95","(1,2)","1","2","1422.1","(1,2)"
"797","2","2","1391.49","(2,2)","2","2","1370.43","(2,2)"
"798","2","2","1429.26","(2,2)","2","2","1408.2","(2,2)"
"799","2","2","1409.6","(2,2)","2","2","1388.54","(2,2)"
"800","2","2","1457.24","(2,2)","2","2","1436.18","(2,2)"
"801","2","2","1455.96","(2,2)","2","2","1434.9","(2,2)"
"802","2","2","1416.83","(2,2)","2","2","1395.77","(2,2)"
"803","1","2","1455.11","(1,2)","1","2","1438.26","(1,2)"
"804","2","0","1450.24","(2,0)","2","1","1437.01","(2,1)"
"805","2","2","1468.32","(2,2)","2","2","1447.26","(2,2)"
"806","2","2","1456.46","(2,2)","2","2","1435.4","(2,2)"
"807","2","0","1500.76","(2,0)","2","2","1487.84","(2,2)"
"808","1","2","1435.54","(1,2)","2","2","1417.4","(2,2)"
"809","2","2","1397.61","(2,2)","2","2","1376.55","(2,2)"
"810","1","2","1420.86","(1,2)","1","2","1404","(1,2)"
"811","2","2","1502.56","(2,2)","2","2","1481.5","(2,2)"
"812","2","2","1475.77","(2,2)","2","2","1454.71","(2,2)"
"813","2","2","1471.83","(2,2)","2","2","1450.77","(2,2)"
"814","2","2","1456.16","(2,2)","2","2","1435.1","(2,2)"
"815","2","0","1463.03","(2,0)","2","1","1448.05","(2,1)"
"816","2","2","1416.08","(2,2)","2","2","1395.01","(2,2)"
"817","2","2","1390.63","(2,2)","2","2","1369.56","(2,2)"
"818","2","2","1463.24","(2,2)","2","2","1442.18","(2,2)"
"819","2","0","1453.76","(2,0)","2","0","1441.13","(2,0)"
"820","2","2","1446.16","(2,2)","2","2","1425.1","(2,2)"
"821","1","2","1427.12","(1,2)","2","2","1409.63","(2,2)"
"822","1","2","1406.88","(1,2)","1","2","1390.03","(1,2)"
"823","2","0","1465.99","(2,0)","2","1","1449.66","(2,1)"
"824","1","2","1406.76","(1,2)","1","2","1389.91","(1,2)"
"825","2","1","1470.13","(2,1)","2","1","1453.28","(2,1)"
"826","2","0","1421.43","(2,0)","2","2","1402.95","(2,2)"
"827","2","2","1493.36","(2,2)","2","2","1472.29","(2,2)"
"828","1","2","1522.59","(1,2)","1","2","1505.74","(1,2)"
"829","1","2","1419.65","(1,2)","1","2","1402.8","(1,2)"
"830","2","2","1482.97","(2,2)","2","2","1461.9","(2,2)"
"831","2","2","1401.4","(2,2)","2","2","1380.34","(2,2)"
"832","1","2","1444.71","(1,2)","1","2","1427.86","(1,2)"
"833","2","2","1488.23","(2,2)","2","2","1467.17","(2,2)"
"834","2","2","1463.86","(2,2)","2","2","1442.79","(2,2)"
"835","2","2","1480.31","(2,2)","2","2","1459.25","(2,2)"
"836","2","1","1483.28","(2,1)","2","1","1466.43","(2,1)"
"837","2","2","1445.38","(2,2)","2","2","1424.32","(2,2)"
"838","2","2","1400.35","(2,2)","2","2","1379.29","(2,2)"
"839","1","2","1445.53","(1,2)","1","2","1428.68","(1,2)"
"840","1","2","1398.4","(1,2)","1","2","1381.55","(1,2)"
"841","2","0","1445.6","(2,0)","2","1","1432.78","(2,1)"
"842","2","2","1407.23","(2,2)","2","2","1386.16","(2,2)"
"843","2","0","1437.95","(2,0)","2","1","1424.95","(2,1)"
"844","2","2","1503.64","(2,2)","2","2","1482.58","(2,2)"
"845","2","2","1424.44","(2,2)","2","2","1403.38","(2,2)"
"846","2","2","1480.48","(2,2)","2","2","1459.42","(2,2)"
"847","2","2","1474.3","(2,2)","2","2","1453.23","(2,2)"
"848","2","2","1391.9","(2,2)","2","2","1370.83","(2,2)"
"849","1","2","1495.19","(1,2)","1","2","1478.34","(1,2)"
"850","2","0","1466.4","(2,0)","2","0","1453.77","(2,0)"
"851","2","2","1450.71","(2,2)","2","2","1429.64","(2,2)"
"852","2","0","1473","(2,0)","2","0","1460.36","(2,0)"
"853","2","0","1413.85","(2,0)","2","1","1399.53","(2,1)"
"854","1","2","1441.97","(1,2)","1","2","1425.12","(1,2)"
"855","2","2","1460.72","(2,2)","2","2","1439.66","(2,2)"
"856","2","0","1448.16","(2,0)","2","2","1432.43","(2,2)"
"857","2","2","1481.13","(2,2)","2","2","1460.07","(2,2)"
"858","2","2","1408.23","(2,2)","2","2","1387.16","(2,2)"
"859","2","2","1473.51","(2,2)","2","2","1452.45","(2,2)"
"860","2","2","1463.01","(2,2)","2","2","1441.95","(2,2)"
"861","2","2","1462.51","(2,2)","2","2","1441.45","(2,2)"
"862","2","0","1493.1","(2,0)","2","0","1480.47","(2,0)"
"863","2","2","1464.27","(2,2)","2","2","1443.21","(2,2)"
"864","2","2","1443.11","(2,2)","2","2","1422.05","(2,2)"
"865","2","2","1396.88","(2,2)","2","2","1375.81","(2,2)"
"866","2","2","1428.97","(2,2)","2","2","1407.9","(2,2)"
"867","2","2","1406.01","(2,2)","2","2","1384.94","(2,2)"
"868","2","0","1453.34","(2,0)","2","2","1434.2","(2,2)"
"869","2","2","1452.92","(2,2)","2","2","1431.86","(2,2)"
"870","2","2","1412.23","(2,2)","2","2","1391.17","(2,2)"
"871","2","2","1418.33","(2,2)","2","2","1397.27","(2,2)"
"872","2","2","1444.29","(2,2)","2","2","1423.22","(2,2)"
"873","2","2","1400.28","(2,2)","2","2","1379.21","(2,2)"
"874","2","1","1459.36","(2,1)","2","1","1442.51","(2,1)"
"875","2","2","1449.48","(2,2)","2","2","1428.41","(2,2)"
"876","2","0","1531.69","(2,0)","2","1","1518.37","(2,1)"
"877","2","0","1440.56","(2,0)","2","0","1427.93","(2,0)"
"878","2","2","1485.13","(2,2)","2","2","1464.07","(2,2)"
"879","2","2","1431.4","(2,2)","2","2","1410.34","(2,2)"
"880","2","2","1442.11","(2,2)","2","2","1421.05","(2,2)"
"881","1","2","1375.98","(1,2)","1","2","1359.13","(1,2)"
"882","1","2","1380.26","(1,2)","1","2","1363.41","(1,2)"
"883","2","2","1467.92","(2,2)","2","2","1446.86","(2,2)"
"884","2","2","1507.41","(2,2)","2","2","1486.35","(2,2)"
"885","2","0","1460.23","(2,0)","2","0","1447.6","(2,0)"
"886","2","2","1454.47","(2,2)","2","2","1433.4","(2,2)"
"887","2","1","1419.45","(2,1)","2","1","1402.6","(2,1)"
"888","2","0","1479.97","(2,0)","2","0","1467.33","(2,0)"
"889","2","2","1441.37","(2,2)","2","2","1420.3","(2,2)"
"890","2","0","1441.87","(2,0)","2","0","1429.24","(2,0)"
"891","1","2","1421.13","(1,2)","1","2","1404.28","(1,2)"
"892","2","0","1459.13","(2,0)","2","0","1446.5","(2,0)"
"893","1","2","1356.9","(1,2)","1","2","1340.05","(1,2)"
"894","1","2","1457.55","(1,2)","1","2","1440.7","(1,2)"
"895","2","1","1459.56","(2,1)","2","1","1442.71","(2,1)"
"896","1","2","1420.23","(1,2)","2","2","1401.37","(2,2)"
"897","2","1","1466.36","(2,1)","2","1","1449.51","(2,1)"
"898","1","2","1465.2","(1,2)","2","2","1444.69","(2,2)"
"899","2","0","1456.69","(2,0)","2","0","1444.05","(2,0)"
"900","2","2","1488.38","(2,2)","2","2","1467.31","(2,2)"
"901","2","2","1450.44","(2,2)","2","2","1429.38","(2,2)"
"902","2","2","1398.11","(2,2)","2","2","1377.05","(2,2)"
"903","2","1","1428.27","(2,1)","2","1","1411.42","(2,1)"
"904","2","2","1447.57","(2,2)","2","2","1426.5","(2,2)"
"905","2","0","1447.34","(2,0)","2","2","1434.18","(2,2)"
"906","2","2","1414.32","(2,2)","2","2","1393.26","(2,2)"
"907","2","2","1490.58","(2,2)","2","2","1469.52","(2,2)"
"908","2","0","1429.2","(2,0)","2","1","1413.88","(2,1)"
"909","2","2","1428.04","(2,2)","2","2","1406.98","(2,2)"
"910","2","2","1439.93","(2,2)","2","2","1418.87","(2,2)"
"911","2","2","1440.51","(2,2)","2","2","1419.45","(2,2)"
"912","1","2","1431.39","(1,2)","1","2","1414.54","(1,2)"
"913","1","2","1375.51","(1,2)","1","2","1358.66","(1,2)"
"914","2","2","1398.9","(2,2)","2","2","1377.83","(2,2)"
"915","2","2","1485.91","(2,2)","2","2","1464.85","(2,2)"
"916","2","0","1468.66","(2,0)","2","2","1452.87","(2,2)"
"917","2","0","1430.1","(2,0)","2","1","1415.52","(2,1)"
"918","2","1","1461.06","(2,1)","2","1","1444.21","(2,1)"
"919","2","2","1439.36","(2,2)","2","2","1418.3","(2,2)"
"920","2","2","1431.81","(2,2)","2","2","1410.74","(2,2)"
"921","2","0","1470.33","(2,0)","2","0","1457.7","(2,0)"
"922","2","2","1450","(2,2)","2","2","1428.94","(2,2)"
"923","1","2","1423.5","(1,2)","1","2","1406.65","(1,2)"
"924","2","2","1426.42","(2,2)","2","2","1405.35","(2,2)"
"925","2","0","1443.73","(2,0)","2","0","1431.09","(2,0)"
"926","2","1","1496.36","(2,1)","2","2","1478.11","(2,2)"
"927","2","2","1465.34","(2,2)","2","2","1444.28","(2,2)"
"928","1","2","1428.1","(1,2)","1","2","1411.25","(1,2)"
"929","2","0","1505.27","(2,0)","2","1","1488.87","(2,1)"
"930","2","2","1403.88","(2,2)","2","2","1382.81","(2,2)"
"931","2","2","1428.21","(2,2)","2","2","1407.15","(2,2)"
"932","2","2","1450.6","(2,2)","2","2","1429.54","(2,2)"
"933","2","2","1516.69","(2,2)","2","2","1495.63","(2,2)"
"934","2","0","1456.29","(2,0)","2","2","1437.59","(2,2)"
"935","1","2","1450.03","(1,2)","1","2","1433.18","(1,2)"
"936","2","2","1427.3","(2,2)","2","2","1406.23","(2,2)"
"937","2","2","1420.75","(2,2)","2","2","1399.69","(2,2)"
"938","2","2","1437.53","(2,2)","2","2","1416.46","(2,2)"
"939","2","2","1442.19","(2,2)","2","2","1421.12","(2,2)"
"940","2","2","1390.81","(2,2)","2","2","1369.74","(2,2)"
"941","1","2","1461.32","(1,2)","1","2","1444.47","(1,2)"
"942","1","2","1409.32","(1,2)","1","2","1392.47","(1,2)"
"943","2","2","1472.03","(2,2)","2","2","1450.97","(2,2)"
"944","2","1","1461.6","(2,1)","2","1","1444.75","(2,1)"
"945","1","2","1415.67","(1,2)","1","2","1398.82","(1,2)"
"946","2","1","1393.32","(2,1)","2","1","1376.47","(2,1)"
"947","2","2","1474.01","(2,2)","2","2","1452.94","(2,2)"
"948","2","2","1442.2","(2,2)","2","2","1421.14","(2,2)"
"949","2","0","1405.14","(2,0)","2","1","1389.13","(2,1)"
"950","2","0","1458.1","(2,0)","2","0","1445.46","(2,0)"
"951","1","2","1428.8","(1,2)","1","2","1411.95","(1,2)"
"952","2","0","1465.63","(2,0)","2","0","1452.99","(2,0)"
"953","2","2","1440.64","(2,2)","2","2","1419.58","(2,2)"
"954","1","2","1423.35","(1,2)","2","2","1405.79","(2,2)"
"955","2","2","1477.11","(2,2)","2","2","1456.04","(2,2)"
"956","2","2","1446.1","(2,2)","2","2","1425.04","(2,2)"
"957","1","2","1420.52","(1,2)","1","2","1403.67","(1,2)"
"958","1","2","1482.05","(1,2)","2","2","1461.45","(2,2)"
"959","1","2","1453.13","(1,2)","1","2","1436.28","(1,2)"
"960","2","0","1458.41","(2,0)","2","1","1443.9","(2,1)"
"961","2","0","1454.74","(2,0)","2","1","1438.41","(2,1)"
"962","2","2","1434.97","(2,2)","2","2","1413.91","(2,2)"
"963","2","2","1385.32","(2,2)","2","2","1364.26","(2,2)"
"964","2","0","1492.77","(2,0)","2","1","1479.6","(2,1)"
"965","1","2","1443.68","(1,2)","1","2","1426.83","(1,2)"
"966","2","2","1455.21","(2,2)","2","2","1434.15","(2,2)"
"967","1","2","1427.64","(1,2)","2","2","1407.86","(2,2)"
"968","2","1","1442.88","(2,1)","2","1","1426.03","(2,1)"
"969","2","0","1495.27","(2,0)","2","1","1482.55","(2,1)"
"970","2","0","1394.72","(2,0)","2","2","1378.66","(2,2)"
"971","2","2","1431.06","(2,2)","2","2","1410","(2,2)"
"972","2","2","1453.25","(2,2)","2","2","1432.19","(2,2)"
"973","2","2","1409.96","(2,2)","2","2","1388.9","(2,2)"
"974","2","0","1433.34","(2,0)","2","1","1419.29","(2,1)"
"975","2","2","1388.96","(2,2)","2","2","1367.9","(2,2)"
"976","2","2","1420.33","(2,2)","2","2","1399.27","(2,2)"
"977","2","2","1412.13","(2,2)","2","2","1391.07","(2,2)"
"978","2","0","1485.63","(2,0)","2","1","1470.99","(2,1)"
"979","2","2","1488.86","(2,2)","2","2","1467.8","(2,2)"
"980","2","2","1476.97","(2,2)","2","2","1455.91","(2,2)"
"981","2","2","1444.62","(2,2)","2","2","1423.56","(2,2)"
"982","2","2","1387.73","(2,2)","2","2","1366.67","(2,2)"
"983","2","0","1508.26","(2,0)","2","1","1494.45","(2,1)"
"984","1","2","1456.86","(1,2)","1","2","1440.01","(1,2)"
"985","2","2","1454.97","(2,2)","2","2","1433.91","(2,2)"
"986","2","1","1461.28","(2,1)","2","1","1444.43","(2,1)"
"987","2","2","1438.81","(2,2)","2","2","1417.74","(2,2)"
"988","2","0","1453.67","(2,0)","2","0","1441.03","(2,0)"
"989","1","2","1417.16","(1,2)","2","2","1398.42","(2,2)"
"990","2","2","1414.67","(2,2)","2","2","1393.61","(2,2)"
"991","2","0","1446.75","(2,0)","2","1","1432.5","(2,1)"
"992","1","2","1475.24","(1,2)","2","2","1456.01","(2,2)"
"993","2","2","1424.36","(2,2)","2","2","1403.29","(2,2)"
"994","2","2","1434.35","(2,2)","2","2","1413.29","(2,2)"
"995","2","0","1434.22","(2,0)","2","2","1413.99","(2,2)"
"996","2","0","1489.1","(2,0)","2","1","1475.6","(2,1)"
"997","2","0","1423.24","(2,0)","2","1","1409.69","(2,1)"
"998","2","2","1427.06","(2,2)","2","2","1406","(2,2)"
"999","1","2","1409.5","(1,2)","1","2","1392.65","(1,2)"
"1000","2","2","1469.57","(2,2)","2","2","1448.51","(2,2)"
